{
    "wreckfish_2k_7_115": {
        "validation_loss": 0.0011467240829326883,
        "history_steps": 7,
        "model_size": {
            "nodes": 115,
            "layer_sizes": [
                115
            ],
            "parameters": 1841,
            "parameters_size_kiB": 7.19140625
        },
        "training_history": {
            "epochs": 9,
            "training_history": [
                4.4351821998134255e-05,
                5.19974491908215e-06,
                1.6250246517302003e-06,
                0.00014680504682473838,
                0.00021292100427672267,
                6.478370050899684e-05,
                1.0026582231148495e-06,
                0.00041165578295476735,
                0.00014646076306235045
            ],
            "validation_history": [
                0.0020148757034771495,
                0.001563674237819183,
                0.0018035935765679985,
                0.0014234964311265663,
                0.0011609112117872422,
                0.0012052783270741208,
                0.0012292757159106803,
                0.0012835125307709345,
                0.0011467240829326883
            ]
        }
    },
    "discus_2k_5_147": {
        "validation_loss": 0.0011502218155069789,
        "history_steps": 5,
        "model_size": {
            "nodes": 147,
            "layer_sizes": [
                147
            ],
            "parameters": 1765,
            "parameters_size_kiB": 6.89453125
        },
        "training_history": {
            "epochs": 11,
            "training_history": [
                0.00026795765734277666,
                8.518670074408874e-05,
                0.0004968553548678756,
                1.1194139005965553e-05,
                5.0489215936977416e-05,
                8.641283784527332e-05,
                0.0005984761519357562,
                0.0022615573834627867,
                0.004329871851950884,
                1.747948772390373e-05,
                8.010900637600571e-05
            ],
            "validation_history": [
                0.0031811781423803477,
                0.002303181817297359,
                0.002033939840612797,
                0.0017257787965417495,
                0.0013689525392978365,
                0.001405143010167575,
                0.0012381419071381882,
                0.0013132170834901464,
                0.0012377444349114845,
                0.0012735416299079134,
                0.0011502218155069789
            ]
        }
    },
    "hyracotherium_1k_6_88": {
        "validation_loss": 0.0010368031080255277,
        "history_steps": 6,
        "model_size": {
            "nodes": 88,
            "layer_sizes": [
                88
            ],
            "parameters": 1233,
            "parameters_size_kiB": 4.81640625
        },
        "training_history": {
            "epochs": 13,
            "training_history": [
                0.0004271069192327559,
                6.556540756719187e-05,
                0.0017319549806416035,
                0.0005644743796437979,
                0.00015242683002725244,
                0.0002543881710153073,
                2.2890813852427527e-05,
                5.187763963476755e-05,
                6.426701293094084e-05,
                2.1839070541318506e-05,
                1.065550259227166e-05,
                0.00012135020369896665,
                0.0009180873166769743
            ],
            "validation_history": [
                0.003101167074399967,
                0.0020894235836359464,
                0.001707181366948727,
                0.0013069986022448102,
                0.0015243642495390973,
                0.0014441570909553962,
                0.0011875813513196806,
                0.0011398790087451386,
                0.0010760806670213061,
                0.0011226697991638215,
                0.0011830712828404192,
                0.0010368031080255277,
                0.0012492340624799712
            ]
        }
    },
    "bat_3k_6_190": {
        "validation_loss": 0.0011956875111027946,
        "history_steps": 6,
        "model_size": {
            "nodes": 190,
            "layer_sizes": [
                190
            ],
            "parameters": 2661,
            "parameters_size_kiB": 10.39453125
        },
        "training_history": {
            "epochs": 5,
            "training_history": [
                0.0011764544760808349,
                0.0017781922360882163,
                0.0018298387294635177,
                0.0009307406144216657,
                0.0007956612971611321
            ],
            "validation_history": [
                0.0012326287389780994,
                0.0012784460797857168,
                0.0012485730064948817,
                0.0012124332132036298,
                0.0011956875111027946
            ]
        }
    },
    "icefish_3k_6_187": {
        "validation_loss": 0.001178948891699657,
        "history_steps": 6,
        "model_size": {
            "nodes": 187,
            "layer_sizes": [
                187
            ],
            "parameters": 2619,
            "parameters_size_kiB": 10.23046875
        },
        "training_history": {
            "epochs": 5,
            "training_history": [
                0.0031730742193758488,
                0.0016298703849315643,
                0.0006645363173447549,
                0.0011827157577499747,
                0.0012095313286408782
            ],
            "validation_history": [
                0.0012779172643681473,
                0.0012120892742373632,
                0.0012236935221729044,
                0.0011847120026404142,
                0.001178948891699657
            ]
        }
    },
    "milkweedbug_2k_7_115": {
        "validation_loss": 0.0011768138276320673,
        "history_steps": 7,
        "model_size": {
            "nodes": 115,
            "layer_sizes": [
                115
            ],
            "parameters": 1841,
            "parameters_size_kiB": 7.19140625
        },
        "training_history": {
            "epochs": 5,
            "training_history": [
                0.0008973740041255951,
                0.0018328994046896696,
                9.265159314963967e-05,
                0.0020706141367554665,
                0.0031639940571039915
            ],
            "validation_history": [
                0.0012048455725670142,
                0.0011768138276320673,
                0.0011999221322385291,
                0.0011788272657645008,
                0.0012347052637275127
            ]
        }
    },
    "mallard_1k_7_85": {
        "validation_loss": 0.0011918167774175822,
        "history_steps": 7,
        "model_size": {
            "nodes": 85,
            "layer_sizes": [
                85
            ],
            "parameters": 1361,
            "parameters_size_kiB": 5.31640625
        },
        "training_history": {
            "epochs": 5,
            "training_history": [
                0.000427180842962116,
                0.0077438391745090485,
                0.0025115241296589375,
                0.0027478551492094994,
                0.001673598075285554
            ],
            "validation_history": [
                0.0012482088777636365,
                0.0012275585176505076,
                0.0012684586368253558,
                0.0011918167774175822,
                0.0012334500052585526
            ]
        }
    }
}