{
    "tinamou_1k_5_52": {
        "validation_loss": 0.0016967223680008894,
        "history_steps": 5,
        "model_size": {
            "nodes": 52,
            "layer_sizes": [
                52
            ],
            "parameters": 625,
            "parameters_size_kiB": 2.44140625
        },
        "training_history": {
            "epochs": 9,
            "training_history": [
                0.004126078449189663,
                0.0006155221490189433,
                0.00022884424834046513,
                0.00018557338626123965,
                0.00037344274460338056,
                0.0004715189279522747,
                0.0019405735656619072,
                0.0004583330301102251,
                0.00037626398261636496
            ],
            "validation_history": [
                0.002850202358084309,
                0.0023816696691747507,
                0.0029869236194717433,
                0.0019892819669412014,
                0.0016967223680008894,
                0.001919750368806347,
                0.0018220740051986405,
                0.001984739480954619,
                0.0017087297770034715
            ]
        }
    },
    "koala_1k_5_90": {
        "validation_loss": 0.0016441797651259072,
        "history_steps": 5,
        "model_size": {
            "nodes": 90,
            "layer_sizes": [
                90
            ],
            "parameters": 1081,
            "parameters_size_kiB": 4.22265625
        },
        "training_history": {
            "epochs": 10,
            "training_history": [
                0.00046994377044029534,
                0.0008478712406940758,
                0.0013225063448771834,
                0.0008649369701743126,
                0.0036234091967344284,
                6.163157377159223e-05,
                0.0001501702208770439,
                0.002988480729982257,
                0.0021225938107818365,
                0.0001017015747493133
            ],
            "validation_history": [
                0.0032382732387223763,
                0.0027140287367033674,
                0.0024021148973212246,
                0.0019598774820381347,
                0.0021497267091530833,
                0.0016618816017432117,
                0.0018044981998792198,
                0.0016441797651259072,
                0.001747188510541077,
                0.0016457796272586608
            ]
        }
    },
    "whooper_3k_5_256": {
        "validation_loss": 0.001256279915000793,
        "history_steps": 5,
        "model_size": {
            "nodes": 256,
            "layer_sizes": [
                256
            ],
            "parameters": 3073,
            "parameters_size_kiB": 12.00390625
        },
        "training_history": {
            "epochs": 15,
            "training_history": [
                0.00010133200703421608,
                0.0006403017905540764,
                0.00019649862952064723,
                0.0006501370808109641,
                0.00021586877119261771,
                0.0004863163048867136,
                0.01304937619715929,
                0.0004618432722054422,
                0.0003459538274910301,
                0.0014301876071840525,
                0.00011693541455315426,
                0.000296137819532305,
                0.00021872339129913598,
                0.004601879511028528,
                0.00012336297368165106
            ],
            "validation_history": [
                0.0028520154575049314,
                0.0020894543095220596,
                0.002752178003354771,
                0.0019425195908740452,
                0.0016879881490497357,
                0.0018462233365407026,
                0.0018325143773303,
                0.0015371312654498112,
                0.0016522597158678926,
                0.0018058087723714412,
                0.0013287062897798403,
                0.001256279915000793,
                0.001473758892155117,
                0.0014415441504761904,
                0.001724965518310717
            ]
        }
    },
    "hydra_0k_6_17": {
        "validation_loss": 0.0016336502598545116,
        "history_steps": 6,
        "model_size": {
            "nodes": 17,
            "layer_sizes": [
                17
            ],
            "parameters": 239,
            "parameters_size_kiB": 0.93359375
        },
        "training_history": {
            "epochs": 11,
            "training_history": [
                0.0006355562945827842,
                0.0007857572636567056,
                0.05233859643340111,
                0.00044880970381200314,
                0.0004018247127532959,
                0.0013596666976809502,
                0.0008317750762216747,
                0.0005830980371683836,
                0.0003301532124169171,
                0.0006156673771329224,
                0.00015554919082205743
            ],
            "validation_history": [
                0.002951483498666471,
                0.0032671643643446767,
                0.002768954213072317,
                0.0024627439223253657,
                0.0027217021330073234,
                0.002094923752365836,
                0.0017091039438209014,
                0.0021031388552147524,
                0.0021580618019694225,
                0.0018508977500745582,
                0.0016336502598545116
            ]
        }
    },
    "beagle_2k_7_151": {
        "validation_loss": 0.0011375571188248885,
        "history_steps": 7,
        "model_size": {
            "nodes": 151,
            "layer_sizes": [
                151
            ],
            "parameters": 2417,
            "parameters_size_kiB": 9.44140625
        },
        "training_history": {
            "epochs": 8,
            "training_history": [
                5.6405202485620975e-05,
                0.0009938750881701708,
                0.0007015446899458766,
                0.00010052193101728335,
                5.1629100198624656e-05,
                0.001528022694401443,
                0.0008007320575416088,
                0.0009523468324914575
            ],
            "validation_history": [
                0.0024918385881325506,
                0.001991159585944538,
                0.0014784956558001672,
                0.0011375571188248885,
                0.0013330196344904072,
                0.002337086230206501,
                0.0014718913162760716,
                0.0016178898344174901
            ]
        }
    }
}